source_level,target_level,target_dimension,source_dimension,conditioning_dimension,selected_common_jitter,raw_transfer_entropy_bits,surrogate_null_mean_bits,null_excess_bits,generation_preserving_surrogate_p_value,null_min_bits_raw_signed,null_max_bits_raw_signed,null_negative_proportion,n_null,recovered_dependency,known_dependency,basis,edge_status
development,development,40,40,122,0.0,0.0262015336566281,0.0125796836786345,0.0136218499779936,0.0019960079840319,0.0112106303122114,0.0137990181444086,0.0,500,1,1,self-dynamics,expected_recovered
microbiome,development,40,50,112,0.0,0.0199213240030165,0.0156881751522562,0.0042331488507602,0.0019960079840319,0.0141559043803987,0.0172074407172165,0.0,500,1,1,nonzero cross-level coefficient,expected_recovered
life_history,development,40,15,147,0.0,0.0419632295820413,0.0047048205741244,0.0372584090079168,0.0019960079840319,0.0038907528884195,0.0055441553374794,0.0,500,1,1,nonzero cross-level coefficient,expected_recovered
epigenetic,development,40,10,152,0.0,0.1021557211621228,0.0031397788015689,0.0990159423605539,0.0019960079840319,0.0024992300161693,0.0040036739216134,0.0,500,1,1,nonzero cross-level coefficient,expected_recovered
ecological,development,40,15,147,0.0,0.0634463587977156,0.0047118349854778,0.0587345238122377,0.0019960079840319,0.0039752757758323,0.0054783132381817,0.0,500,1,1,nonzero cross-level coefficient,expected_recovered
background,development,40,10,152,0.0,0.0201139983310561,0.003166392933821,0.016947605397235,0.0019960079840319,0.002554769193414,0.0039160948247958,0.0,500,1,1,nonzero cross-level coefficient,expected_recovered
development,microbiome,50,40,122,0.0,0.0227382329312254,0.0157224373867828,0.0070157955444426,0.0019960079840319,0.014287658649669,0.0172559870199968,0.0,500,1,1,nonzero cross-level coefficient,expected_recovered
microbiome,microbiome,50,50,112,0.0,0.428382589012111,0.0196301308977077,0.4087524581144032,0.0019960079840319,0.0179677724344608,0.0212287076619286,0.0,500,1,1,self-dynamics,expected_recovered
life_history,microbiome,50,15,147,0.0,0.0272122803668264,0.005891512016588,0.0213207683502384,0.0019960079840319,0.0049624862406225,0.0070600190077157,0.0,500,1,0,not specified,additional_inferred
epigenetic,microbiome,50,10,152,0.0,0.0482900081039692,0.0039126909256666,0.0443773171783025,0.0019960079840319,0.003183756674281,0.0048930608689487,0.0,500,1,1,nonzero cross-level coefficient,expected_recovered
ecological,microbiome,50,15,147,0.0,0.0614310161398624,0.0058846453078431,0.0555463708320193,0.0019960079840319,0.0050767046909912,0.0068099011968332,0.0,500,1,1,nonzero cross-level coefficient,expected_recovered
background,microbiome,50,10,152,0.0,0.0253006243025945,0.0039459041644762,0.0213547201381183,0.0019960079840319,0.0032670355091761,0.0047404235904371,0.0,500,1,1,nonzero cross-level coefficient,expected_recovered
development,life_history,15,40,122,0.0,0.0356630766964589,0.004695718577279,0.0309673581191799,0.0019960079840319,0.0038001172541252,0.0054820180067969,0.0,500,1,1,nonzero cross-level coefficient,expected_recovered
microbiome,life_history,15,50,112,0.0,0.0304794928700631,0.0058804487135797,0.0245990441564834,0.0019960079840319,0.0049287223942166,0.0067623926494916,0.0,500,1,1,nonzero cross-level coefficient,expected_recovered
life_history,life_history,15,15,147,0.0,0.1522820591542795,0.0017583342325414,0.150523724921738,0.0019960079840319,0.0012985241885406,0.0023063579726766,0.0,500,1,1,self-dynamics,expected_recovered
epigenetic,life_history,15,10,152,0.0,0.1006181849009221,0.0011728288541421,0.09944535604678,0.0019960079840319,0.0008253952388401,0.0016081006621664,0.0,500,1,1,nonzero cross-level coefficient,expected_recovered
ecological,life_history,15,15,147,0.0,0.0779607927481391,0.0017575008594893,0.0762032918886497,0.0019960079840319,0.0013409854359856,0.0023006926136035,0.0,500,1,1,nonzero cross-level coefficient,expected_recovered
background,life_history,15,10,152,0.0,0.0279226145089839,0.0011840823350379,0.026738532173946,0.0019960079840319,0.000853295056765,0.0016905447573577,0.0,500,1,1,nonzero cross-level coefficient,expected_recovered
development,epigenetic,10,40,122,0.0,0.005480991653896,0.0031361344039927,0.0023448572499032,0.0019960079840319,0.0025854297930839,0.0039602531522891,0.0,500,1,1,nonzero cross-level coefficient,expected_recovered
microbiome,epigenetic,10,50,112,0.0,0.0066579305748108,0.0039104256629716,0.0027475049118391,0.0019960079840319,0.0032224627196145,0.004710840335719,0.0,500,1,0,not specified,additional_inferred
life_history,epigenetic,10,15,147,0.0,0.0101042798892258,0.0011765556536004,0.0089277242356254,0.0019960079840319,0.0008317467105593,0.0018541101650861,0.0,500,1,1,nonzero cross-level coefficient,expected_recovered
epigenetic,epigenetic,10,10,152,0.0,0.2796741784584303,0.0007790440949562,0.2788951343634741,0.0019960079840319,0.000449647203311,0.001148442781671,0.0,500,1,1,self-dynamics,expected_recovered
ecological,epigenetic,10,15,147,0.0,0.0061694780359361,0.001173320517982,0.004996157517954,0.0019960079840319,0.0007830816504541,0.0015808161906538,0.0,500,1,1,nonzero cross-level coefficient,expected_recovered
background,epigenetic,10,10,152,0.0,0.0045914869601091,0.0007938179294754,0.0037976690306337,0.0019960079840319,0.0004776065929958,0.0012337677539342,0.0,500,1,1,nonzero cross-level coefficient,expected_recovered
development,ecological,15,40,122,0.0,0.0063559980410055,0.0046969505044528,0.0016590475365527,0.0019960079840319,0.0039576204534792,0.00550375624331,0.0,500,1,1,nonzero cross-level coefficient,expected_recovered
microbiome,ecological,15,50,112,0.0,0.0209572675026335,0.0058915919899109,0.0150656755127225,0.0019960079840319,0.0048356901726509,0.0067782274842649,0.0,500,1,1,nonzero cross-level coefficient,expected_recovered
life_history,ecological,15,15,147,0.0,0.012497433644847,0.001775063030601,0.0107223706142459,0.0019960079840319,0.0012365445021873,0.0023241615300495,0.0,500,1,1,nonzero cross-level coefficient,expected_recovered
epigenetic,ecological,15,10,152,0.0,0.0023184025645475,0.001179917718115,0.0011384848464325,0.0019960079840319,0.0008188466121803,0.0016508952409927,0.0,500,1,0,not specified,additional_inferred
ecological,ecological,15,15,147,0.0,0.5859391657565156,0.0017616695618528,0.5841774961946627,0.0019960079840319,0.001358915102583,0.0022337755019098,0.0,500,1,1,self-dynamics,expected_recovered
background,ecological,15,10,152,0.0,0.0033561472970803,0.0011867344900038,0.0021694128070765,0.0019960079840319,0.0008596132989669,0.0016768655370737,0.0,500,1,1,nonzero cross-level coefficient,expected_recovered
development,background,10,40,122,0.0,0.0035133232299952,0.0031334091369224,0.0003799140930728,0.0379241516966067,0.0025693822816256,0.0038021362785781,0.0,500,0,0,not specified,expected_absent
microbiome,background,10,50,112,0.0,0.0039198419924266,0.0039316173674604,-1.1775375033790808e-05,0.5089820359281437,0.0030676277684118,0.0048732046118835,0.0,500,0,0,not specified,expected_absent
life_history,background,10,15,147,0.0,0.0011997392260843,0.0011705213627718,2.921786331250742e-05,0.3952095808383233,0.0008190249686761,0.0015612534660091,0.0,500,0,0,not specified,expected_absent
epigenetic,background,10,10,152,0.0,0.0006766943274182,0.0007955703612243,-0.0001188760338061,0.8542914171656687,0.0004711918811321,0.0011422575755833,0.0,500,0,0,not specified,expected_absent
ecological,background,10,15,147,0.0,0.0012818982903083,0.0011763933349033,0.000105504955405,0.1936127744510978,0.0007932266615401,0.0016161546824955,0.0,500,0,0,not specified,expected_absent
background,background,10,10,152,0.0,0.3183725033418123,0.0007811160447934,0.3175913872970189,0.0019960079840319,0.000520176734072,0.0011748293363327,0.0,500,1,1,self-dynamics,expected_recovered
