figure,seed,illustrative_lineage_d,generation_tau_plus_1,t_l_index,u,maturation_progress,growth_capacity,theta_M,u_early,theta_G,maturation_crossing_time,early_maturation,high_growth,phenotype_realization
figure03_phenotype_reconstruction,254989981,1,9,0,0.0,0.2631117461013433,0.4840169900345658,0.6,0.6,0.65,17,True,True,"nu_(1,1)"
figure03_phenotype_reconstruction,254989981,1,9,1,0.025,0.28032377532559255,0.4933112373192338,0.6,0.6,0.65,17,True,True,"nu_(1,1)"
figure03_phenotype_reconstruction,254989981,1,9,2,0.05,0.2974600921499474,0.4989028205691804,0.6,0.6,0.65,17,True,True,"nu_(1,1)"
figure03_phenotype_reconstruction,254989981,1,9,3,0.07500000000000001,0.3254303325949249,0.5011027764548327,0.6,0.6,0.65,17,True,True,"nu_(1,1)"
figure03_phenotype_reconstruction,254989981,1,9,4,0.1,0.3489881777453197,0.5143336907091869,0.6,0.6,0.65,17,True,True,"nu_(1,1)"
figure03_phenotype_reconstruction,254989981,1,9,5,0.125,0.3691416700918861,0.5259245550250511,0.6,0.6,0.65,17,True,True,"nu_(1,1)"
figure03_phenotype_reconstruction,254989981,1,9,6,0.15000000000000002,0.387169053718869,0.5307908323598437,0.6,0.6,0.65,17,True,True,"nu_(1,1)"
figure03_phenotype_reconstruction,254989981,1,9,7,0.17500000000000002,0.3985604503874959,0.541468120248826,0.6,0.6,0.65,17,True,True,"nu_(1,1)"
figure03_phenotype_reconstruction,254989981,1,9,8,0.2,0.42066298955512943,0.5470573095546992,0.6,0.6,0.65,17,True,True,"nu_(1,1)"
figure03_phenotype_reconstruction,254989981,1,9,9,0.225,0.44324754341483136,0.5549522143366,0.6,0.6,0.65,17,True,True,"nu_(1,1)"
figure03_phenotype_reconstruction,254989981,1,9,10,0.25,0.4637803581840674,0.5608627254118254,0.6,0.6,0.65,17,True,True,"nu_(1,1)"
figure03_phenotype_reconstruction,254989981,1,9,11,0.275,0.4780395193018941,0.5795651740058841,0.6,0.6,0.65,17,True,True,"nu_(1,1)"
figure03_phenotype_reconstruction,254989981,1,9,12,0.30000000000000004,0.502439324262156,0.5887117205028005,0.6,0.6,0.65,17,True,True,"nu_(1,1)"
figure03_phenotype_reconstruction,254989981,1,9,13,0.325,0.5242107455124124,0.5976827167761226,0.6,0.6,0.65,17,True,True,"nu_(1,1)"
figure03_phenotype_reconstruction,254989981,1,9,14,0.35000000000000003,0.5460210153712928,0.6091238788094221,0.6,0.6,0.65,17,True,True,"nu_(1,1)"
figure03_phenotype_reconstruction,254989981,1,9,15,0.375,0.5718389036730687,0.6113112631849522,0.6,0.6,0.65,17,True,True,"nu_(1,1)"
figure03_phenotype_reconstruction,254989981,1,9,16,0.4,0.582626989787486,0.6244662557327173,0.6,0.6,0.65,17,True,True,"nu_(1,1)"
figure03_phenotype_reconstruction,254989981,1,9,17,0.42500000000000004,0.6044451744681991,0.638622643181376,0.6,0.6,0.65,17,True,True,"nu_(1,1)"
figure03_phenotype_reconstruction,254989981,1,9,18,0.45,0.6220518445552549,0.6480511054226357,0.6,0.6,0.65,17,True,True,"nu_(1,1)"
figure03_phenotype_reconstruction,254989981,1,9,19,0.47500000000000003,0.6370756960950489,0.6555146186499947,0.6,0.6,0.65,17,True,True,"nu_(1,1)"
figure03_phenotype_reconstruction,254989981,1,9,20,0.5,0.6522884639036018,0.663549169634601,0.6,0.6,0.65,17,True,True,"nu_(1,1)"
figure03_phenotype_reconstruction,254989981,1,9,21,0.525,0.6645208992668453,0.6705770969223694,0.6,0.6,0.65,17,True,True,"nu_(1,1)"
figure03_phenotype_reconstruction,254989981,1,9,22,0.55,0.6736734565991135,0.6774555739285906,0.6,0.6,0.65,17,True,True,"nu_(1,1)"
figure03_phenotype_reconstruction,254989981,1,9,23,0.5750000000000001,0.6808979490214802,0.6802055648013272,0.6,0.6,0.65,17,True,True,"nu_(1,1)"
figure03_phenotype_reconstruction,254989981,1,9,24,0.6000000000000001,0.6964533674540501,0.6906644285923954,0.6,0.6,0.65,17,True,True,"nu_(1,1)"
figure03_phenotype_reconstruction,254989981,1,9,25,0.625,0.7114719485365373,0.7001914024515437,0.6,0.6,0.65,17,True,True,"nu_(1,1)"
figure03_phenotype_reconstruction,254989981,1,9,26,0.65,0.7206850005636645,0.704896074745073,0.6,0.6,0.65,17,True,True,"nu_(1,1)"
figure03_phenotype_reconstruction,254989981,1,9,27,0.675,0.7273339471035036,0.7169027143308669,0.6,0.6,0.65,17,True,True,"nu_(1,1)"
figure03_phenotype_reconstruction,254989981,1,9,28,0.7000000000000001,0.7386222862226951,0.7205053968994659,0.6,0.6,0.65,17,True,True,"nu_(1,1)"
figure03_phenotype_reconstruction,254989981,1,9,29,0.7250000000000001,0.7431817732457285,0.7165979849685415,0.6,0.6,0.65,17,True,True,"nu_(1,1)"
figure03_phenotype_reconstruction,254989981,1,9,30,0.75,0.7450617197356013,0.7189908757435556,0.6,0.6,0.65,17,True,True,"nu_(1,1)"
figure03_phenotype_reconstruction,254989981,1,9,31,0.775,0.7568711916954663,0.7174787788587337,0.6,0.6,0.65,17,True,True,"nu_(1,1)"
figure03_phenotype_reconstruction,254989981,1,9,32,0.8,0.7604463109575885,0.7146269187787383,0.6,0.6,0.65,17,True,True,"nu_(1,1)"
figure03_phenotype_reconstruction,254989981,1,9,33,0.8250000000000001,0.7635714239353201,0.7153633008255097,0.6,0.6,0.65,17,True,True,"nu_(1,1)"
figure03_phenotype_reconstruction,254989981,1,9,34,0.8500000000000001,0.7620392082922272,0.7137151369890352,0.6,0.6,0.65,17,True,True,"nu_(1,1)"
figure03_phenotype_reconstruction,254989981,1,9,35,0.875,0.7665386444657615,0.7121279761151834,0.6,0.6,0.65,17,True,True,"nu_(1,1)"
figure03_phenotype_reconstruction,254989981,1,9,36,0.9,0.7643916922193027,0.7089928208430593,0.6,0.6,0.65,17,True,True,"nu_(1,1)"
figure03_phenotype_reconstruction,254989981,1,9,37,0.925,0.7679533007036002,0.7066963724990827,0.6,0.6,0.65,17,True,True,"nu_(1,1)"
figure03_phenotype_reconstruction,254989981,1,9,38,0.9500000000000001,0.7728157320075923,0.7037435724800395,0.6,0.6,0.65,17,True,True,"nu_(1,1)"
figure03_phenotype_reconstruction,254989981,1,9,39,0.9750000000000001,0.7776156567197696,0.6937663954440355,0.6,0.6,0.65,17,True,True,"nu_(1,1)"
figure03_phenotype_reconstruction,254989981,1,9,40,1.0,0.7792695021872703,0.681971756941764,0.6,0.6,0.65,17,True,True,"nu_(1,1)"
