target_level,family,analysis,target_dimension,source_dimension,conditioning_dimension,source_labels,estimator,selected_common_jitter,raw_estimate_bits,bootstrap_mean_bits,bootstrap_se_bits,ci_method,ci_lower_bits,ci_upper_bits,surrogate_null_mean_bits,null_excess_bits,generation_preserving_surrogate_p_value,null_min_bits_raw_signed,null_max_bits_raw_signed,null_negative_proportion,n_null,biological_interpretation
development,inter_elc_final_target_profile_development,whole_source_elc_from_d_prime,40,130,282,development+microbiome+life_history+epigenetic+ecological,generation-conditioned coherent Gaussian-copula CMI from one joint covariance,0.0,0.0454863184548427,0.0863094098421761,0.0017608680727011,"lineage-cluster bootstrap, centered standard-error interval",0.042035080450822,0.0489375564588634,0.0407663703127953,0.0047199481420473,0.0019960079840319,0.0384536830988972,0.0432730858774673,0.0,500,inter-ELC contribution from d-prime through documented same-level B matrices
development,inter_elc_final_target_profile_development,dprime_epigenetic_subsystem,40,10,282,epigenetic,generation-conditioned coherent Gaussian-copula CMI from one joint covariance,0.0,0.0081741557818352,0.0113300255000513,0.0005447366770371,"lineage-cluster bootstrap, centered standard-error interval",0.0071064915137843,0.009241820049886,0.0031245135097229,0.0050496422721122,0.0019960079840319,0.0024883937161408,0.0038151580782564,0.0,500,inter-ELC contribution from d-prime through documented same-level B matrices
development,inter_elc_final_target_profile_development,dprime_microbiome_subsystem,40,50,282,microbiome,generation-conditioned coherent Gaussian-copula CMI from one joint covariance,0.0,0.0160218435677665,0.0317097353602878,0.000972244723482,"lineage-cluster bootstrap, centered standard-error interval",0.0141162789255825,0.0179274082099504,0.0156719970288902,0.0003498465388762,0.2315369261477046,0.0140010312007239,0.0171559286900517,0.0,500,inter-ELC contribution from d-prime through documented same-level B matrices
development,inter_elc_final_target_profile_development,dprime_ecological_subsystem,40,15,282,ecological,generation-conditioned coherent Gaussian-copula CMI from one joint covariance,0.0,0.0053036211508935,0.0099927771287086,0.0004979424318332,"lineage-cluster bootstrap, centered standard-error interval",0.004327671918126,0.006279570383661,0.0047000443106596,0.0006035768402338,0.0179640718562874,0.0039026303782264,0.0053866907246431,0.0,500,inter-ELC contribution from d-prime through documented same-level B matrices
microbiome,inter_elc_final_target_profile_microbiome,whole_source_elc_from_d_prime,50,130,282,development+microbiome+life_history+epigenetic+ecological,generation-conditioned coherent Gaussian-copula CMI from one joint covariance,0.0,0.0518127998009931,0.1029228704053576,0.0019940056066969,"lineage-cluster bootstrap, centered standard-error interval",0.0479046206268962,0.0557209789750901,0.0510113051411086,0.0008014946598845,0.2155688622754491,0.0478461053426547,0.0541337974452061,0.0,500,inter-ELC contribution from d-prime through documented same-level B matrices
microbiome,inter_elc_final_target_profile_microbiome,dprime_epigenetic_subsystem,50,10,282,epigenetic,generation-conditioned coherent Gaussian-copula CMI from one joint covariance,0.0,0.005214085907524,0.0091377334324798,0.0004743237076526,"lineage-cluster bootstrap, centered standard-error interval",0.0042844285235113,0.0061437432915367,0.0039174083994705,0.0012966775080535,0.0019960079840319,0.0032977400305809,0.0047899412196159,0.0,500,inter-ELC contribution from d-prime through documented same-level B matrices
microbiome,inter_elc_final_target_profile_microbiome,dprime_microbiome_subsystem,50,50,282,microbiome,generation-conditioned coherent Gaussian-copula CMI from one joint covariance,0.0,0.0202384012008483,0.0400013244321961,0.001081185933599,"lineage-cluster bootstrap, centered standard-error interval",0.0181193157104028,0.0223574866912938,0.0196095913432566,0.0006288098575917,0.1417165668662674,0.0177556761538478,0.0213099883896285,0.0,500,inter-ELC contribution from d-prime through documented same-level B matrices
microbiome,inter_elc_final_target_profile_microbiome,dprime_ecological_subsystem,50,15,282,ecological,generation-conditioned coherent Gaussian-copula CMI from one joint covariance,0.0,0.0057676591235097,0.011631390479804,0.0005900410925152,"lineage-cluster bootstrap, centered standard-error interval",0.0046111998327811,0.0069241184142383,0.0058841930999682,-0.0001165339764585,0.6526946107784432,0.0048887641577759,0.0067438774354522,0.0,500,inter-ELC contribution from d-prime through documented same-level B matrices
life_history,inter_elc_final_target_profile_life_history,whole_source_elc_from_d_prime,15,130,282,development+microbiome+life_history+epigenetic+ecological,generation-conditioned coherent Gaussian-copula CMI from one joint covariance,0.0,0.0208187350781089,0.0361082906707937,0.001010275732097,"lineage-cluster bootstrap, centered standard-error interval",0.0188386310287439,0.022798839127474,0.0152974493636285,0.0055212857144804,0.0019960079840319,0.0139736339295218,0.016996290944432,0.0,500,inter-ELC contribution from d-prime through documented same-level B matrices
life_history,inter_elc_final_target_profile_life_history,dprime_epigenetic_subsystem,15,10,282,epigenetic,generation-conditioned coherent Gaussian-copula CMI from one joint covariance,0.0,0.0066840922995716,0.0078618156135638,0.0004794033180004,"lineage-cluster bootstrap, centered standard-error interval",0.0057444790622218,0.0076237055369214,0.0011681120005128,0.0055159802990587,0.0019960079840319,0.0008206498983234,0.0017134510274886,0.0,500,inter-ELC contribution from d-prime through documented same-level B matrices
life_history,inter_elc_final_target_profile_life_history,dprime_microbiome_subsystem,15,50,282,microbiome,generation-conditioned coherent Gaussian-copula CMI from one joint covariance,0.0,0.0062221727166037,0.0120924563611524,0.0005603477245276,"lineage-cluster bootstrap, centered standard-error interval",0.0051239113577105,0.007320434075497,0.0058910315785881,0.0003311411380156,0.155688622754491,0.0050116967349039,0.0070869654562058,0.0,500,inter-ELC contribution from d-prime through documented same-level B matrices
life_history,inter_elc_final_target_profile_life_history,dprime_ecological_subsystem,15,15,282,ecological,generation-conditioned coherent Gaussian-copula CMI from one joint covariance,0.0,0.0025120782545584,0.0042750664504626,0.0003178629185682,"lineage-cluster bootstrap, centered standard-error interval",0.0018890783821438,0.0031350781269731,0.0017689542125981,0.0007431240419603,0.0019960079840319,0.0012830967246282,0.0022742160244104,0.0,500,inter-ELC contribution from d-prime through documented same-level B matrices
epigenetic,inter_elc_final_target_profile_epigenetic,whole_source_elc_from_d_prime,10,130,282,development+microbiome+life_history+epigenetic+ecological,generation-conditioned coherent Gaussian-copula CMI from one joint covariance,0.0,0.0211716470601046,0.0313765823724491,0.0008939885259546,"lineage-cluster bootstrap, centered standard-error interval",0.0194194617466413,0.0229238323735678,0.0102598118162563,0.0109118352438482,0.0019960079840319,0.0091076848145635,0.0114966196732861,0.0,500,inter-ELC contribution from d-prime through documented same-level B matrices
epigenetic,inter_elc_final_target_profile_epigenetic,dprime_epigenetic_subsystem,10,10,282,epigenetic,generation-conditioned coherent Gaussian-copula CMI from one joint covariance,0.0,0.0119196043235238,0.0126764468419226,0.0005939845856515,"lineage-cluster bootstrap, centered standard-error interval",0.0107554159282749,0.0130837927187727,0.0007943418144469,0.0111252625090768,0.0019960079840319,0.0004930091384632,0.0012449687757204,0.0,500,inter-ELC contribution from d-prime through documented same-level B matrices
epigenetic,inter_elc_final_target_profile_epigenetic,dprime_microbiome_subsystem,10,50,282,microbiome,generation-conditioned coherent Gaussian-copula CMI from one joint covariance,0.0,0.0053284059812015,0.0092499162913163,0.0004858046504782,"lineage-cluster bootstrap, centered standard-error interval",0.004376246362742,0.0062805655996609,0.003950463809531,0.0013779421716704,0.0019960079840319,0.0032442043589354,0.0048010462853443,0.0,500,inter-ELC contribution from d-prime through documented same-level B matrices
epigenetic,inter_elc_final_target_profile_epigenetic,dprime_ecological_subsystem,10,15,282,ecological,generation-conditioned coherent Gaussian-copula CMI from one joint covariance,0.0,0.002078624752412,0.0032510876513619,0.0002905713400364,"lineage-cluster bootstrap, centered standard-error interval",0.0015091153910011,0.0026481341138229,0.0011953797036527,0.0008832450487592,0.0019960079840319,0.0007316904964749,0.0016936075091025,0.0,500,inter-ELC contribution from d-prime through documented same-level B matrices
ecological,inter_elc_final_target_profile_ecological,whole_source_elc_from_d_prime,15,130,282,development+microbiome+life_history+epigenetic+ecological,generation-conditioned coherent Gaussian-copula CMI from one joint covariance,0.0,0.0151153972802744,0.0304199937257403,0.0009513952973912,"lineage-cluster bootstrap, centered standard-error interval",0.0132506967623268,0.016980097798222,0.0153215625733692,-0.0002061652930947,0.6866267465069861,0.0138698071510045,0.0166689360086461,0.0,500,inter-ELC contribution from d-prime through documented same-level B matrices
ecological,inter_elc_final_target_profile_ecological,dprime_epigenetic_subsystem,15,10,282,epigenetic,generation-conditioned coherent Gaussian-copula CMI from one joint covariance,0.0,0.0012203059236314,0.0023850520182179,0.0002391627461646,"lineage-cluster bootstrap, centered standard-error interval",0.000751555554705,0.0016890562925579,0.0011869935228134,3.331240081803346e-05,0.3972055888223553,0.000779051369381,0.0016768741946388,0.0,500,inter-ELC contribution from d-prime through documented same-level B matrices
ecological,inter_elc_final_target_profile_ecological,dprime_microbiome_subsystem,15,50,282,microbiome,generation-conditioned coherent Gaussian-copula CMI from one joint covariance,0.0,0.0057981026804857,0.0117301269949214,0.0005418650266281,"lineage-cluster bootstrap, centered standard-error interval",0.0047360667438127,0.0068601386171588,0.0058975511984081,-9.944851792238056e-05,0.6367265469061876,0.0048998582178225,0.0068495707522045,0.0,500,inter-ELC contribution from d-prime through documented same-level B matrices
ecological,inter_elc_final_target_profile_ecological,dprime_ecological_subsystem,15,15,282,ecological,generation-conditioned coherent Gaussian-copula CMI from one joint covariance,0.0,0.0020075033886761,0.0037779965582318,0.0003076712292789,"lineage-cluster bootstrap, centered standard-error interval",0.0014044788602102,0.002610527917142,0.0017627405286265,0.0002447628600496,0.0838323353293413,0.0013348848534012,0.0023015171312604,0.0,500,inter-ELC contribution from d-prime through documented same-level B matrices
