theta_reg,theta_stress,p_nu_early_maturation_high_growth,p_early_maturation_low_growth,p_non_early_maturation_high_growth,p_non_early_maturation_low_growth,p_nu_early_maturation_high_growth_bootstrap_mean,p_nu_early_maturation_high_growth_ci_lower,p_nu_early_maturation_high_growth_ci_upper,p_early_maturation_low_growth_bootstrap_mean,p_early_maturation_low_growth_ci_lower,p_early_maturation_low_growth_ci_upper,p_non_early_maturation_high_growth_bootstrap_mean,p_non_early_maturation_high_growth_ci_lower,p_non_early_maturation_high_growth_ci_upper,p_non_early_maturation_low_growth_bootstrap_mean,p_non_early_maturation_low_growth_ci_lower,p_non_early_maturation_low_growth_ci_upper
-1.5,-1.5,0.22075,0.08403,0.11909,0.57613,0.2212101471753025,0.2059496199179543,0.2361903816986855,0.0841039262925051,0.0786389883906607,0.0892334938229666,0.1192246487879815,0.1129060117302052,0.1254782722257822,0.5754612777442107,0.5562494623393128,0.5943840928432484
-1.5,-1.0,0.21495,0.07864,0.1242,0.58221,0.2154014397025989,0.200375379145927,0.2303795566228513,0.0787341608937626,0.0732962813292484,0.0837419475204622,0.1243467207297708,0.1176955,0.130822102112676,0.5815176786738675,0.5624989246786256,0.6003986875464937
-1.5,-0.5,0.20595,0.07277,0.13017,0.59111,0.2063946120307071,0.1920230669803476,0.2209524555828398,0.0728629737979359,0.0677015114943452,0.0776411681631682,0.1303228282069216,0.1235822094594046,0.13729294651132,0.5904195859644354,0.571436873747495,0.6094266369650673
-1.5,0.0,0.19687,0.06704,0.13613,0.59996,0.1973027102307133,0.1833745785500657,0.2118924089356858,0.067123885466968,0.0622796877212153,0.0717488051824958,0.1362930355641422,0.1291288836913837,0.1434418217733927,0.5992803687381765,0.5806150658386967,0.6181821781374286
-1.5,0.5,0.1896,0.06172,0.14245,0.60623,0.190025497353206,0.1763558136405989,0.2041640722822993,0.0617947841070415,0.0571444579180794,0.0662361793375282,0.1426017206800264,0.1353521863012984,0.1497773416822221,0.605577997859726,0.5872094713910055,0.624096060098172
-1.5,1.0,0.18497,0.05757,0.14895,0.60851,0.1853868925317501,0.1720756490168359,0.1994132825839499,0.0576332007433544,0.0531956086220565,0.06184929948755,0.1491073660074289,0.1416545542635659,0.1564667673716012,0.6078725407174665,0.5898080940619795,0.6262698507818201
-1.5,1.5,0.18246,0.054,0.15544,0.6081,0.1828734186635871,0.1696724353175504,0.1970104784941865,0.0540495503620135,0.0497843332109627,0.0582389473204243,0.1555972742206824,0.1479643410427745,0.1631760158950491,0.6074797567537169,0.5895710536927514,0.6260383892336173
-1.0,-1.5,0.31621,0.09604,0.12211,0.46564,0.3168296905466574,0.2992757957531576,0.3347743053606511,0.0960074172580737,0.0904219829571626,0.1008353249678945,0.1221199532687443,0.1156869927169974,0.1286024774635902,0.4650429389265244,0.4462534825870646,0.4848462671157781
-1.0,-1.0,0.3095199999999999,0.09029,0.12837,0.47182,0.3101306356090422,0.2925899112939513,0.3279108616334549,0.0902563179478679,0.0848966781437125,0.0948499700894326,0.1283986666639306,0.1219525038824549,0.1350743334059866,0.4712143797791592,0.4521957807628051,0.4908411862302849
-1.0,-0.5,0.3000299999999999,0.08406,0.13473,0.48118,0.3006345334524544,0.2833376716038112,0.3179672406462585,0.084028473254216,0.0786888957816377,0.0885813844339293,0.1347690353919065,0.1281768665345226,0.1416743486973948,0.480567957901423,0.4616498983739837,0.5004150379557362
-1.0,0.0,0.28905,0.07733,0.1427199999999999,0.4909,0.2896442886330034,0.27286183664135,0.306969875,0.077305738113615,0.0723102499999999,0.0817685104395114,0.1427717442396004,0.1357555639935998,0.1499959355763728,0.4902782290137811,0.4715126920507682,0.5101208929653333
-1.0,0.5,0.28042,0.07112,0.15014,0.49832,0.2809946546530562,0.2642495486332615,0.2980507303536346,0.0711131571095458,0.0664398088822355,0.0754318470199756,0.1502067046827412,0.1427905927378915,0.1577501883076497,0.4976854835546568,0.4792146766169154,0.5175380765663598
-1.0,1.0,0.27498,0.06619,0.1577599999999999,0.50107,0.2755398507982993,0.2587791216804483,0.2924035068762279,0.0662038298485055,0.0618476560624729,0.070333235749678,0.1578338899563488,0.1503225827273973,0.1656272179987505,0.5004224293968462,0.4818929943219773,0.5201442884108356
-1.0,1.5,0.2722099999999999,0.0623299999999999,0.16464,0.50082,0.2727636704250293,0.2559600027310114,0.289752456777996,0.0623333842793656,0.0581766200807265,0.0662280534986649,0.1647196315127816,0.1572213643705321,0.1726899692075296,0.5001833137828233,0.4816117529027905,0.5198147773105203
-0.5,-1.5,0.42422,0.1067699999999999,0.12112,0.34789,0.4247997626179217,0.4055931495671271,0.4444688407258064,0.1066849687744833,0.1012199300604516,0.1117608084087216,0.1210716027775559,0.1152747807316472,0.1273321077154687,0.3474436658300391,0.330147514695721,0.3658258320415793
-0.5,-1.0,0.41738,0.10025,0.12792,0.35445,0.417959353878311,0.3987645635780111,0.4375591884989491,0.1001595380249419,0.0947713528940938,0.1050733641222174,0.1278799138511273,0.1217911387770935,0.1341542321253003,0.3540011942456196,0.3367282973429163,0.372620844946901
-0.5,-0.5,0.40661,0.09362,0.13558,0.36419,0.4071961425215991,0.3877432096293735,0.4264394551297717,0.093560531881143,0.0884177525029817,0.0982713651308956,0.1355414654824724,0.1293452159069393,0.1424142725811865,0.3637018601147854,0.3463069113454411,0.3829128808696048
-0.5,0.0,0.39513,0.08694,0.1436,0.37433,0.3957258017198871,0.3761974442897772,0.4151684227700097,0.0869187598036218,0.0819328427791114,0.0913093904354573,0.1435573808715877,0.1370152842819765,0.1505771460983859,0.3737980576049033,0.3561455762041917,0.392923557909307
-0.5,0.5,0.38568,0.08036,0.1520699999999999,0.38189,0.386290937701979,0.3665888468553874,0.4055756864248647,0.0803253550846773,0.0757406610377483,0.0846553034533342,0.1520080534226266,0.1451475423719765,0.1592171169884154,0.3813756537907171,0.3636020509049312,0.4005102801507538
-0.5,1.0,0.37987,0.07478,0.16025,0.3851,0.3804940124153055,0.3610150615602462,0.3995047215225131,0.074740243400273,0.0703235041205822,0.0787301312586006,0.160169827862867,0.1527746025967722,0.1676877188905333,0.3845959163215544,0.3668922584404054,0.4038453555276382
-0.5,1.5,0.3768999999999999,0.07046,0.16777,0.38487,0.377522402679882,0.3585212947964253,0.3965188477517106,0.0704311945541043,0.0662219466519564,0.0742857475812633,0.167682062796252,0.1598885208719512,0.1755533743404759,0.3843643399697615,0.3664274630179946,0.4035404103773584
0.0,-1.5,0.53854,0.1118499999999999,0.11052,0.23909,0.5389901177169354,0.5193256666666667,0.557681092772027,0.1117559474514926,0.1067315388598822,0.1176416867599741,0.1104470585310192,0.1041003667491232,0.116974809765843,0.2388068763005528,0.223223631840796,0.2552019749360766
0.0,-1.0,0.53231,0.1059099999999999,0.11715,0.24463,0.5327597101614981,0.5131819683685835,0.5513799285714286,0.1058099151336372,0.1009981374734896,0.111331029279123,0.1170811957452191,0.1105897944669827,0.123670893063624,0.2443491789596455,0.2287217831222485,0.2606827264281005
0.0,-0.5,0.52238,0.09918,0.12482,0.25362,0.5228594854764015,0.5030537907633963,0.5418358134920634,0.0991025581532352,0.0943852890397612,0.1046757944940835,0.1247354507807531,0.1178128224640135,0.1312902048066396,0.2533025055896102,0.2377713617021276,0.2698306144051777
0.0,0.0,0.5105500000000001,0.0927399999999999,0.13415,0.26256,0.5110559184646766,0.4910014695835674,0.529995755597015,0.092690251858154,0.088098201255692,0.0980755028235011,0.1340370070376099,0.126986302846415,0.1407728084841332,0.2622168226395594,0.2462554163797857,0.2788219926204842
0.0,0.5,0.50074,0.08623,0.14326,0.2697699999999999,0.5012321925393787,0.4811526456151142,0.520368224856972,0.0861778797984994,0.081695994794679,0.0911493827851104,0.1431486494378065,0.1359755267367594,0.1502980601297405,0.2694412782243154,0.2533490057037151,0.2862770882477469
0.0,1.0,0.4950199999999999,0.08076,0.15152,0.2727,0.4954917935383864,0.4754422152673505,0.5146107802419354,0.0806962808342549,0.0765646853146853,0.0853560832791151,0.1514232895880313,0.1439296592560983,0.158823693578257,0.2723886360393274,0.2562703100449132,0.2892079205225912
0.0,1.5,0.49243,0.07601,0.15825,0.27331,0.4929098864094262,0.4727836864127923,0.5123183797029544,0.0759668327310272,0.0719947916252396,0.0803360174864215,0.1581369874961253,0.1506345705528732,0.1658385175913556,0.2729862933634212,0.2569555013154462,0.2897736675263271
0.5,-1.5,0.64915,0.10943,0.0915,0.14992,0.649479955391168,0.6304681712543764,0.6669418798114972,0.1093669112608873,0.1041036301268987,0.1155661404794998,0.0914149091309066,0.0858147385680451,0.0968651003059227,0.1497382242170379,0.1377616706237859,0.1617884653961885
0.5,-1.0,0.6435299999999999,0.10426,0.0978,0.15441,0.6438715197562042,0.6245610848981207,0.6614104697548842,0.1041934348758005,0.0991287443820722,0.1100117073220352,0.0977155386170705,0.0919690979741741,0.1036626119600041,0.1542195067509248,0.141966683964712,0.1665119319879674
0.5,-0.5,0.6343099999999999,0.09892,0.10564,0.16113,0.6346613745159219,0.6151396356496449,0.6524863395522388,0.0988774930097793,0.0940366739036786,0.1045072735277596,0.1055417428578303,0.0997019069738744,0.1119970089850329,0.1609193896164685,0.148273227138643,0.1736687568259707
0.5,0.0,0.62366,0.09295,0.11454,0.16885,0.6240282483194263,0.6045383798140771,0.6421439627659574,0.09291361005398,0.0881787652223507,0.0982586200191713,0.1144302217977949,0.108098110542903,0.121089099634232,0.1686279198287987,0.1557272330383481,0.1816574822054005
0.5,0.5,0.61463,0.08721,0.1235,0.17466,0.6149980128561494,0.595238144278607,0.6333451571927596,0.0871840778257911,0.0827666232535412,0.092132502019084,0.1233850075095412,0.1169708537098649,0.1308203566492159,0.174432901808518,0.1614137404129793,0.1878461255245219
0.5,1.0,0.60884,0.08204,0.13169,0.17743,0.6091972752547185,0.589429789800995,0.6274297788656666,0.0819907254843403,0.0777587270349081,0.0866735037688442,0.1315905158925522,0.1247951196874204,0.1391639581197964,0.1772214833683891,0.1642092142857142,0.1907411604682714
0.5,1.5,0.60681,0.0766,0.13809,0.1785,0.6071693499357176,0.5873725232532987,0.6254405217682378,0.0765424119987108,0.0723978418721304,0.0809046992737004,0.1379914304811973,0.1307140915769101,0.1457791347433972,0.1782968075843742,0.1653674942392698,0.1915782273481206
1.0,-1.5,0.74513,0.09857,0.07058,0.08572,0.7453229179649945,0.7292149516237907,0.7613571779744346,0.0985139366999536,0.0924236283034745,0.1045489789095366,0.0705301871421061,0.0657873875304329,0.0759212605137531,0.0856329581929456,0.0768730792682926,0.0942757177629249
1.0,-1.0,0.74112,0.09415,0.07575,0.08898,0.7413547533601437,0.7251048861327916,0.7575021705475009,0.0940992262330547,0.0883849439613644,0.1000497500988437,0.075657472902934,0.0706967062193126,0.0811154618473895,0.0888885475038675,0.0799170546932742,0.097801735256981
1.0,-0.5,0.7339199999999999,0.08988,0.0823,0.0939,0.734154220730635,0.7178303421013743,0.7505814118403966,0.0898263336219492,0.0844385434832981,0.095434299392228,0.0822131150200461,0.0771190983417779,0.0877292672172369,0.0938063306273696,0.0846527716186252,0.1027686197104317
1.0,0.0,0.7250599999999999,0.08546,0.09026,0.09922,0.7252911134225671,0.7087711689079356,0.7416462800231732,0.0854173619833176,0.0804304076831238,0.0907574370675256,0.0901759270762281,0.0847011740779381,0.0957618694362017,0.0991155975178871,0.0896883333333333,0.1086761886537959
1.0,0.5,0.7180700000000001,0.08102,0.09786,0.10305,0.7182926945115514,0.7013352290247526,0.734784548348802,0.0809727436742477,0.0762941556766227,0.0858765734265734,0.0977920422483387,0.0920190204532309,0.1038239945338638,0.1029425195658621,0.0934070103473762,0.1129292558515647
1.0,1.0,0.71377,0.07635,0.10454,0.10534,0.7139748602687286,0.6967591196684562,0.7305936421897371,0.076307703817594,0.0718694646456838,0.0809859911953273,0.104475515692941,0.098329014231736,0.1110731570981647,0.1052419202207363,0.095660081300813,0.1153973753761283
1.0,1.5,0.7118,0.07189,0.11019,0.10612,0.7120161975930557,0.6946006858002478,0.7288159763049143,0.0718561284130038,0.0676661730300657,0.0762993625998518,0.1101062207716095,0.1037647699004975,0.1170647538224113,0.1060214532223309,0.096392761610155,0.116105918004012
1.5,-1.5,0.82502,0.08187,0.04859,0.04452,0.825145992138032,0.8118676916060051,0.8379999593035601,0.0818523826881425,0.0762858216432865,0.0880085925866401,0.0485258275116913,0.0448777796687088,0.0528648110405694,0.0444757976621341,0.0393220211935348,0.0502381951282161
1.5,-1.0,0.82231,0.07841,0.05266,0.0466199999999999,0.8224425664603471,0.8089444397729662,0.8355682696177062,0.0783869062282138,0.0729807047329079,0.0842938438003807,0.0525813759839947,0.0486283867274808,0.057264863373104,0.0465891513274442,0.0412408577812958,0.0524371943081333
1.5,-0.5,0.81659,0.07578,0.05823,0.0494,0.8167290615699295,0.8029001745789126,0.8300644065036139,0.0757643523353487,0.0704237324797964,0.0815530551439366,0.0581470574490498,0.0538702859050221,0.0631270299112954,0.0493595286456719,0.0437929484126984,0.0555879891679045
1.5,0.0,0.81028,0.07253,0.06426,0.05293,0.8104247460653146,0.7963623246045223,0.8239313905312676,0.0725274190674609,0.0673345903603079,0.0780056446213361,0.0641730720471123,0.0597210736941957,0.0695251198415218,0.052874762820112,0.0469422437185929,0.0594854681780813
1.5,0.5,0.8051,0.06851,0.07027,0.0561199999999999,0.8052304276971023,0.791067521489684,0.8190983519249754,0.0685062909996048,0.0634632496143104,0.0737652163400891,0.0701982147541339,0.065491334160859,0.0760393603200614,0.0560650665491588,0.0498383414634146,0.0630218051741091
1.5,1.0,0.8021699999999999,0.06477,0.0754,0.05766,0.8022970399516954,0.7879292044795344,0.816206450148075,0.0647538992068839,0.0598915453377449,0.0697852568235547,0.0753394637812666,0.0701933939965154,0.0812068212350709,0.057609597060154,0.051038106645097,0.0647131702238417
1.5,1.5,0.80111,0.06093,0.08001,0.05795,0.8012277001122895,0.7867030733501638,0.8152494321784284,0.0609248801844217,0.0561340026886654,0.0658086874723328,0.0799550899209506,0.0745309020203632,0.0861309158702775,0.057892329782338,0.0513952907656974,0.0650977345156845
