group,criterion,observed,target,passes
coupling recovery,all encoded level-level dependencies recovered,28/28,28/28 with zero missed,True
phenotype,pooled_complete_four_state_information_ge_0.010,0.0298827993438287,>=0.010,True
phenotype,pooled_binary_nu_information_ge_0.010,0.0211976528086788,>=0.010,True
phenotype,seed_level_focal_nu_log_ratio_positive,0.0213371167632986,>0 in every seed,True
phenotype,complete_information_ge_binary_nu_information,0.0086851465351499,>=0,True
phenotype,minimum_phenotype_state_probability_ge_0.05,0.0910869565217391,>=0.05,True
phenotype,maximum_phenotype_state_probability_le_0.70,0.5148152173913043,<=0.70,True
aggregate hereditary factor,epigenetic_predictive_contribution_positive_null_excess,see source,predeclared contrast,True
aggregate hereditary factor,background_predictive_contribution_positive_null_excess,see source,predeclared contrast,True
aggregate hereditary factor,epigenetic_predictive_closure_above_generation_preserving_null,see source,predeclared contrast,True
aggregate hereditary factor,background_closure_control_not_above_generation_preserving_null,see source,predeclared contrast,True
aggregate hereditary factor,epigenetic_closure_null_excess_exceeds_background_closure_control,see source,predeclared contrast,True
stability,horizon rho=1,0.1917947273733695,>0 bits beyond baseline with p<=0.05,True
stability,horizon rho=2,0.060460428131107,>0 bits beyond baseline with p<=0.05,True
stability,horizon rho=3,0.0279406758800146,>0 bits beyond baseline with p<=0.05,True
stability,horizon rho=4,0.0154811531238378,>0 bits beyond baseline with p<=0.05,True
stability,horizon rho=5,0.0136656051901394,>0 bits beyond baseline with p<=0.05,True
location,development contribution above baseline at every recorded time,57/57 recorded times,57/57,True
location,microbiome contribution above baseline at every recorded time,61/61 recorded times,61/61,True
location,life_history contribution above baseline at every recorded time,41/41 recorded times,41/41,True
location,ecological level-wise profile contains information above baseline,32/33 recorded times,characterization only; no minimum ecological magnitude,True
epigenetic intervention,predeclared positive direction increases p(nu),0.3144699999999999,>0,True
context-specific focal variant,"epigenetic positive focal-nu information, interval-supported intervention coordinate, and positive Fisher diagonal coincide",462,>0 matched contexts,True
context-specific focal variant,"joint positive focal-nu information, interval-supported intervention coordinate, and positive Fisher diagonal coincide",457,>0 matched contexts,True
complex source,pooled PID synergy,0.0297853852595597,>0 bits,True
complex source,PID synergy centered interval,0.0270294746622947,lower bound >0,True
complex source,seed-specific PID synergy,0.031361357351483,>0 bits in every seed,True
multiple-parent extension,joint_ge_factor_from_d,0.2254324050660087,>= 0.196970602812 bits,True
multiple-parent extension,joint_ge_factor_from_d_prime,0.2254324050660087,>= 0.0309911372915 bits,True
joint source,Joint predictive contribution,raw=0.304204 bits; null-excess=0.283592 bits; p=0.001996,pass,True
joint source,Joint predictive closure,raw=0.128045 bits; null-excess=0.086731 bits; p=0.001996,pass,True
joint source,Positive PID synergy,"synergy=0.029785 bits; centered CI=[0.027029,0.032541]",pass,True
joint source,Joint focal-variant predictive information,"focal log-ratio among nu=0.029968 bits; CI=[0.026954,0.032982]; binary nu=0.028949 bits",pass,True
joint source,Joint intervention increases p(nu),"Delta p_nu^+=0.295544; CI=[0.284439,0.305398]",pass,True
epigenetic causal specificity,positive M=1000 Fisher diagonals,0.0136740184047046,>0 for all 2 coordinates,True
epigenetic causal specificity,positive-semidefinite M=1000 averaged Fisher matrix,0.0068825589074578,minimum eigenvalue >= -1e-10,True
epigenetic causal specificity,positive split-half cross-product diagonals,0.0102014516541719,>0 for all 2 coordinates,True
joint causal specificity,positive M=1000 Fisher diagonals,0.0132158283548141,>0 for all 5 coordinates,True
joint causal specificity,positive-semidefinite M=1000 averaged Fisher matrix,0.0008786847080998,minimum eigenvalue >= -1e-10,True
joint causal specificity,positive split-half cross-product diagonals,0.0095806574700133,>0 for all 5 coordinates,True
numerical health,all seed-level qualitative and boundedness checks,92/92,92/92,True
numerical health,all integration-convergence checks,6/6,6/6,True
additional source lineage,complete_source_null_excess_ge_0.01,0.0136928489236878,>=0.01 bits,True
additional source lineage,complete_source_surrogate_p_lt_0.05,0.0019960079840319,<0.05,True
additional source lineage,epigenetic_source_distinguishable_from_null,0.0149803952623249,null-excess >0 and p<0.05,True
additional source lineage,minimum_phenotype_probability_ge_0.05,0.0883695652173913,>=0.05,True
additional source lineage,maximum_phenotype_probability_le_0.70,0.5114673913043478,<=0.70,True
additional source lineage,no_missing_phenotype_classes_in_folds,1.0,all folds contain all classes,True
additional source lineage,epigenetic_probabilities_not_saturated_low,0.1473161674449234,>0.01,True
additional source lineage,epigenetic_probabilities_not_saturated_high,0.8569047170246563,<0.99,True
additional source lineage,all_state_arrays_finite,1.0,all finite,True
additional source lineage,microbiome_positive,0.0642405743163071,>0,True
additional source lineage,microbiome_not_divergent,5.98288193605058,<50,True
additional source lineage,one_to_one_derangement_no_self_pairs,1.0,all seeds no self-pairs,True
additional source lineage,one_to_one_derangement_unique_sources,1.0,each source lineage used once,True
additional source lineage,complete_source_raw_ge_contained_subsystems,0.0935047610521132,>=0 bits,True
